"Profile Name","Email Address","Profile Creation Time","Maturity Level","Primary Lang","Has Auto Playback","Max Stream Quality","Profile Lock Enabled","Profile Transferred","Profile Transfer Time"
"Barbara","","2016-12-16T01:00:12Z","1000000","en-US","true","UNSPECIFIED","false","",""
"Dominic","","2016-12-16T01:00:12Z","1000000","en-US","true","UNSPECIFIED","false","",""
"Ashley","","2016-12-16T01:00:12Z","1000000","en-US","true","UNSPECIFIED","false","",""
"Natalie","","2016-12-16T01:00:12Z","1000000","en-US","true","UNSPECIFIED","false","",""
"P. Michael","michael.virga8@gmail.com","2016-12-16T00:51:09Z","1000000","en-US","true","UNSPECIFIED","false","",""
